timestamp,captcha_file,sent_string,method,conf_score,success,notes
2025-08-25 15:01:57,attempts\captcha_images\captcha_1756123313755.png,1,tesseract,74.0,False,error_present
2025-08-25 15:02:04,attempts\captcha_images\captcha_1756123320946.png,4,tesseract,0.0,False,error_present
2025-08-25 15:02:11,attempts\captcha_images\captcha_1756123327929.png,3723,tesseract,78.0,True,
2025-08-25 15:02:17,attempts\captcha_images\captcha_1756123334680.png,3329,tesseract,46.0,True,
2025-08-25 15:02:23,attempts\captcha_images\captcha_1756123340908.png,,tesseract,0.0,True,
2025-08-25 15:02:30,attempts\captcha_images\captcha_1756123346898.png,5273,tesseract,39.0,False,error_present
2025-08-25 15:02:37,attempts\captcha_images\captcha_1756123354174.png,9896,tesseract,0.0,True,
2025-08-25 15:02:44,attempts\captcha_images\captcha_1756123361213.png,5558,tesseract,19.0,True,
2025-08-25 15:02:50,attempts\captcha_images\captcha_1756123367637.png,,tesseract,0.0,True,
2025-08-25 15:02:56,attempts\captcha_images\captcha_1756123373466.png,1,tesseract,37.0,False,error_present
2025-08-25 15:03:04,attempts\captcha_images\captcha_1756123380242.png,5832,tesseract,34.0,True,
2025-08-25 15:03:10,attempts\captcha_images\captcha_1756123387303.png,1,tesseract,74.0,False,error_present
2025-08-25 15:03:17,attempts\captcha_images\captcha_1756123394114.png,2993,tesseract,0.0,True,
2025-08-25 15:03:24,attempts\captcha_images\captcha_1756123400854.png,9505,tesseract,0.0,True,
2025-08-25 15:03:30,attempts\captcha_images\captcha_1756123407285.png,9837,tesseract,0.0,True,
2025-08-25 15:03:36,attempts\captcha_images\captcha_1756123413752.png,9743,tesseract,18.0,True,
2025-08-25 15:03:43,attempts\captcha_images\captcha_1756123420194.png,1,tesseract,74.0,False,error_present
2025-08-25 15:03:50,attempts\captcha_images\captcha_1756123426753.png,9859,tesseract,0.0,True,
2025-08-25 15:03:56,attempts\captcha_images\captcha_1756123433503.png,5236,tesseract,17.0,False,error_present
2025-08-25 15:04:03,attempts\captcha_images\captcha_1756123440378.png,1,tesseract,73.0,False,error_present
2025-08-25 15:04:10,attempts\captcha_images\captcha_1756123447536.png,922,tesseract,0.0,False,error_present
2025-08-25 15:04:18,attempts\captcha_images\captcha_1756123454670.png,6686,tesseract,0.0,True,
2025-08-25 15:04:24,attempts\captcha_images\captcha_1756123461712.png,6389,tesseract,11.0,True,
2025-08-25 15:04:30,attempts\captcha_images\captcha_1756123468141.png,,tesseract,0.0,True,
2025-08-25 15:04:36,attempts\captcha_images\captcha_1756123473950.png,1,tesseract,74.0,False,error_present
2025-08-25 15:04:44,attempts\captcha_images\captcha_1756123480871.png,1,tesseract,37.0,False,error_present
2025-08-25 15:04:51,attempts\captcha_images\captcha_1756123487945.png,9689,tesseract,0.0,True,
2025-08-25 15:04:58,attempts\captcha_images\captcha_1756123494739.png,8622,tesseract,32.0,True,
2025-08-25 15:05:03,attempts\captcha_images\captcha_1756123501406.png,,tesseract,0.0,True,
2025-08-25 15:05:10,attempts\captcha_images\captcha_1756123507223.png,6000,tesseract,11.0,True,
2025-08-25 15:05:17,attempts\captcha_images\captcha_1756123513777.png,2764,tesseract,0.0,False,error_present
2025-08-25 15:05:23,attempts\captcha_images\captcha_1756123521098.png,,tesseract,0.0,False,error_present
2025-08-25 15:05:31,attempts\captcha_images\captcha_1756123527586.png,2605,tesseract,0.0,True,
2025-08-25 15:05:37,attempts\captcha_images\captcha_1756123534377.png,1622,tesseract,60.0,True,
2025-08-25 15:05:43,attempts\captcha_images\captcha_1756123540809.png,9207,tesseract,36.0,False,error_present
2025-08-25 15:05:51,attempts\captcha_images\captcha_1756123547717.png,1,tesseract,74.0,False,error_present
2025-08-25 15:05:58,attempts\captcha_images\captcha_1756123554797.png,6245,tesseract,65.0,True,
2025-08-25 15:06:04,attempts\captcha_images\captcha_1756123561677.png,,tesseract,0.0,True,
2025-08-25 15:06:10,attempts\captcha_images\captcha_1756123567457.png,7,tesseract,0.0,False,error_present
2025-08-25 15:06:17,attempts\captcha_images\captcha_1756123574330.png,1,tesseract,74.0,False,error_present
2025-08-25 15:06:24,attempts\captcha_images\captcha_1756123581180.png,6327,tesseract,0.0,True,
2025-08-25 15:06:30,attempts\captcha_images\captcha_1756123587935.png,,tesseract,0.0,True,
2025-08-25 15:06:36,attempts\captcha_images\captcha_1756123593482.png,7562,tesseract,13.0,True,
2025-08-25 15:06:43,attempts\captcha_images\captcha_1756123599895.png,3609,tesseract,0.0,True,
2025-08-25 15:06:49,attempts\captcha_images\captcha_1756123606409.png,7242,tesseract,63.0,False,error_present
2025-08-25 15:06:56,attempts\captcha_images\captcha_1756123613339.png,6332,tesseract,0.0,True,
2025-08-25 15:07:02,attempts\captcha_images\captcha_1756123620090.png,4,tesseract,0.0,False,error_present
2025-08-25 15:07:09,attempts\captcha_images\captcha_1756123626625.png,1,tesseract,74.0,False,error_present
2025-08-25 15:07:16,attempts\captcha_images\captcha_1756123633466.png,7339,tesseract,10.0,True,
2025-08-25 15:07:23,attempts\captcha_images\captcha_1756123640273.png,6986,tesseract,50.0,False,error_present
2025-08-25 15:07:30,attempts\captcha_images\captcha_1756123647147.png,8482,tesseract,17.0,True,
2025-08-25 15:07:36,attempts\captcha_images\captcha_1756123653882.png,,tesseract,0.0,True,
2025-08-25 15:07:42,attempts\captcha_images\captcha_1756123659644.png,1,tesseract,37.0,False,error_present
2025-08-25 15:07:49,attempts\captcha_images\captcha_1756123666946.png,,tesseract,0.0,False,error_present
2025-08-25 15:07:57,attempts\captcha_images\captcha_1756123673648.png,4383,tesseract,29.0,True,
2025-08-25 15:08:03,attempts\captcha_images\captcha_1756123680664.png,3780,tesseract,8.0,True,
2025-08-25 15:08:10,attempts\captcha_images\captcha_1756123687047.png,3393,tesseract,0.0,True,
2025-08-25 15:08:16,attempts\captcha_images\captcha_1756123693497.png,8569,tesseract,0.0,True,
2025-08-25 15:08:23,attempts\captcha_images\captcha_1756123699900.png,4345,tesseract,34.0,False,error_present
2025-08-25 15:08:30,attempts\captcha_images\captcha_1756123707406.png,,tesseract,0.0,False,error_present
2025-08-25 15:08:37,attempts\captcha_images\captcha_1756123713934.png,722,tesseract,0.0,False,error_present
2025-08-25 15:08:44,attempts\captcha_images\captcha_1756123721621.png,,tesseract,0.0,False,error_present
2025-08-25 15:08:53,attempts\captcha_images\captcha_1756123730027.png,5683,tesseract,15.0,True,
2025-08-25 15:08:59,attempts\captcha_images\captcha_1756123736729.png,3339,tesseract,47.0,True,
2025-08-25 15:09:06,attempts\captcha_images\captcha_1756123743164.png,1236,tesseract,31.0,True,
2025-08-25 15:09:13,attempts\captcha_images\captcha_1756123749623.png,8899,tesseract,6.0,True,
2025-08-25 15:09:19,attempts\captcha_images\captcha_1756123756367.png,4652,tesseract,75.0,True,
2025-08-25 15:09:26,attempts\captcha_images\captcha_1756123762876.png,2465,tesseract,0.0,True,
2025-08-25 15:09:32,attempts\captcha_images\captcha_1756123769327.png,4749,tesseract,38.0,True,
2025-08-25 15:09:38,attempts\captcha_images\captcha_1756123775725.png,894,tesseract,0.0,False,error_present
2025-08-25 15:09:46,attempts\captcha_images\captcha_1756123782790.png,1,tesseract,73.0,False,error_present
2025-08-25 15:09:52,attempts\captcha_images\captcha_1756123789765.png,4,tesseract,0.0,False,error_present
2025-08-25 15:10:00,attempts\captcha_images\captcha_1756123796713.png,1180,tesseract,0.0,True,
2025-08-25 15:10:06,attempts\captcha_images\captcha_1756123803809.png,1,tesseract,37.0,False,error_present
2025-08-25 15:10:13,attempts\captcha_images\captcha_1756123810519.png,14,tesseract,37.0,False,error_present
2025-08-25 15:10:21,attempts\captcha_images\captcha_1756123817625.png,2347,tesseract,12.0,True,
2025-08-25 15:10:27,attempts\captcha_images\captcha_1756123824435.png,3749,tesseract,16.0,True,
2025-08-25 15:10:34,attempts\captcha_images\captcha_1756123831135.png,7676,tesseract,15.0,True,
2025-08-25 15:10:40,attempts\captcha_images\captcha_1756123837537.png,1830,tesseract,36.0,True,
2025-08-25 15:10:46,attempts\captcha_images\captcha_1756123844075.png,,tesseract,0.0,True,
2025-08-25 15:10:53,attempts\captcha_images\captcha_1756123849576.png,1995,tesseract,7.0,False,error_present
2025-08-25 15:11:00,attempts\captcha_images\captcha_1756123856851.png,5482,tesseract,0.0,False,error_present
2025-08-25 15:11:07,attempts\captcha_images\captcha_1756123864075.png,1992,tesseract,0.0,True,
2025-08-26 00:14:23,attempts\captcha_images\captcha_1756156459287.png,6315,tesseract,55.0,True,
2025-08-26 00:14:28,attempts\captcha_images\captcha_1756156466363.png,,tesseract,0.0,True,
2025-08-26 00:14:35,attempts\captcha_images\captcha_1756156472123.png,1188,tesseract,0.0,False,error_present
2025-08-26 00:14:43,attempts\captcha_images\captcha_1756156479724.png,9372,tesseract,0.0,True,
2025-08-26 00:14:49,attempts\captcha_images\captcha_1756156486468.png,8782,tesseract,0.0,False,error_present
2025-08-26 00:14:56,attempts\captcha_images\captcha_1756156493565.png,,tesseract,0.0,False,error_present
2025-08-26 00:15:03,attempts\captcha_images\captcha_1756156500836.png,,tesseract,0.0,False,error_present
2025-08-26 00:15:11,attempts\captcha_images\captcha_1756156507861.png,8532,tesseract,13.0,True,
2025-08-26 00:15:17,attempts\captcha_images\captcha_1756156514535.png,5616,tesseract,21.0,True,
2025-08-26 00:15:23,attempts\captcha_images\captcha_1756156521025.png,,tesseract,0.0,True,
2025-08-26 00:15:29,attempts\captcha_images\captcha_1756156526623.png,,tesseract,0.0,True,
2025-08-26 00:15:35,attempts\captcha_images\captcha_1756156532333.png,3416,tesseract,3.0,True,
2025-08-26 00:15:42,attempts\captcha_images\captcha_1756156538705.png,3405,tesseract,0.0,True,
2025-08-26 00:15:48,attempts\captcha_images\captcha_1756156545080.png,3592,tesseract,0.0,True,
2025-08-26 00:15:54,attempts\captcha_images\captcha_1756156551545.png,3827,tesseract,0.0,True,
2025-08-26 00:16:01,attempts\captcha_images\captcha_1756156557857.png,2283,tesseract,12.0,True,
2025-08-26 00:16:06,attempts\captcha_images\captcha_1756156564403.png,,tesseract,0.0,True,
2025-08-26 00:16:12,attempts\captcha_images\captcha_1756156570119.png,,tesseract,0.0,True,
2025-08-26 00:16:18,attempts\captcha_images\captcha_1756156576081.png,,tesseract,0.0,True,
2025-08-26 00:16:24,attempts\captcha_images\captcha_1756156581872.png,,tesseract,0.0,True,
2025-08-26 00:16:31,attempts\captcha_images\captcha_1756156587658.png,9349,tesseract,0.0,True,
2025-08-26 00:16:35,attempts\captcha_images\captcha_1756156594116.png,,tesseract,0.0,False,submit_failed
2025-08-26 00:16:35,attempts\captcha_images\captcha_1756156594116.png,,tesseract,0.0,False,submit_failed
2025-08-26 00:16:36,attempts\captcha_images\captcha_1756156594116.png,,tesseract,0.0,False,submit_failed
2025-08-26 00:16:36,attempts\captcha_images\captcha_1756156594116.png,,tesseract,0.0,False,submit_failed
2025-08-26 00:18:42,attempts\captcha_images\captcha_1756156719343.png,1638,tesseract,48.0,True,
2025-08-26 00:18:48,attempts\captcha_images\captcha_1756156725976.png,,tesseract,0.0,True,
2025-08-26 00:18:55,attempts\captcha_images\captcha_1756156731801.png,1963,tesseract,45.0,True,
2025-08-26 00:19:01,attempts\captcha_images\captcha_1756156738050.png,5828,tesseract,40.0,True,
2025-08-26 00:19:07,attempts\captcha_images\captcha_1756156744375.png,1,tesseract,74.0,False,error_present
2025-08-26 00:19:14,attempts\captcha_images\captcha_1756156751399.png,,tesseract,0.0,False,error_present
2025-08-26 00:19:21,attempts\captcha_images\captcha_1756156758101.png,9924,tesseract,10.0,True,
2025-08-26 00:19:27,attempts\captcha_images\captcha_1756156764749.png,4,tesseract,0.0,False,error_present
2025-08-26 00:19:35,attempts\captcha_images\captcha_1756156771521.png,1683,tesseract,0.0,True,
2025-08-26 00:19:40,attempts\captcha_images\captcha_1756156778424.png,,tesseract,0.0,True,
2025-08-26 00:24:11,attempts\captcha_images\captcha_1756157048475.png,,tesseract,0.0,True,
2025-08-26 00:24:17,attempts\captcha_images\captcha_1756157054315.png,6334,tesseract,0.0,True,
2025-08-26 00:24:24,attempts\captcha_images\captcha_1756157060988.png,8627,tesseract,0.0,True,
2025-08-26 00:24:31,attempts\captcha_images\captcha_1756157067611.png,3537,tesseract,0.0,True,
2025-08-26 00:24:37,attempts\captcha_images\captcha_1756157074319.png,1,tesseract,75.0,True,
2025-08-26 00:24:43,attempts\captcha_images\captcha_1756157080726.png,4360,tesseract,1.0,True,
2025-08-26 00:24:50,attempts\captcha_images\captcha_1756157087146.png,3092,tesseract,0.0,True,
2025-08-26 00:24:57,attempts\captcha_images\captcha_1756157093843.png,4318,tesseract,0.0,True,
2025-08-26 00:25:03,attempts\captcha_images\captcha_1756157100586.png,6918,tesseract,0.0,True,
2025-08-26 00:25:10,attempts\captcha_images\captcha_1756157107020.png,1637,tesseract,0.0,True,
2025-08-26 00:25:17,attempts\captcha_images\captcha_1756157114191.png,8544,tesseract,21.0,True,
2025-08-26 00:30:21,attempts\captcha_images\captcha_1756157418745.png,1,tesseract,74.0,False,captcha_incorrect
2025-08-26 00:30:28,attempts\captcha_images\captcha_1756157425612.png,,tesseract,0.0,False,captcha_incorrect
2025-08-26 00:30:35,attempts\captcha_images\captcha_1756157432345.png,,tesseract,0.0,False,captcha_incorrect
2025-08-26 00:30:42,attempts\captcha_images\captcha_1756157438979.png,1,tesseract,78.0,False,captcha_incorrect
2025-08-26 00:30:51,attempts\captcha_images\captcha_1756157447913.png,8305,tesseract,0.0,True,
2025-08-26 00:30:56,attempts\captcha_images\captcha_1756157454114.png,1,tesseract,74.0,False,captcha_incorrect
2025-08-26 00:31:04,attempts\captcha_images\captcha_1756157460834.png,47,tesseract,25.0,False,captcha_incorrect
2025-08-26 00:31:11,attempts\captcha_images\captcha_1756157467985.png,252,tesseract,0.0,False,captcha_incorrect
2025-08-26 00:31:18,attempts\captcha_images\captcha_1756157475403.png,41,tesseract,37.0,False,captcha_incorrect
2025-08-26 00:31:27,attempts\captcha_images\captcha_1756157484698.png,6525,tesseract,44.0,True,
2025-08-26 00:31:34,attempts\captcha_images\captcha_1756157490918.png,6892,tesseract,0.0,True,
2025-08-26 00:31:40,attempts\captcha_images\captcha_1756157497106.png,3730,tesseract,12.0,True,
2025-08-26 00:31:46,attempts\captcha_images\captcha_1756157503314.png,6464,tesseract,0.0,False,captcha_incorrect
2025-08-26 00:31:54,attempts\captcha_images\captcha_1756157510392.png,2763,tesseract,35.0,False,captcha_incorrect
2025-08-26 00:32:01,attempts\captcha_images\captcha_1756157517776.png,588,tesseract,0.0,False,captcha_incorrect
2025-08-26 00:32:08,attempts\captcha_images\captcha_1756157525121.png,9332,tesseract,0.0,True,
2025-08-26 00:32:14,attempts\captcha_images\captcha_1756157531658.png,1,tesseract,37.0,False,captcha_incorrect
2025-08-26 00:32:21,attempts\captcha_images\captcha_1756157538608.png,,tesseract,0.0,False,captcha_incorrect
2025-08-26 00:32:28,attempts\captcha_images\captcha_1756157545322.png,220,tesseract,0.0,False,captcha_incorrect
2025-08-26 00:32:35,attempts\captcha_images\captcha_1756157552455.png,,tesseract,0.0,False,captcha_incorrect
2025-08-26 00:32:43,attempts\captcha_images\captcha_1756157560797.png,1,tesseract,73.0,False,captcha_incorrect
2025-08-26 00:32:50,attempts\captcha_images\captcha_1756157567550.png,740,tesseract,51.0,False,captcha_incorrect
2025-08-26 00:32:57,attempts\captcha_images\captcha_1756157574731.png,,tesseract,0.0,False,captcha_incorrect
2025-08-26 00:33:04,attempts\captcha_images\captcha_1756157581423.png,638,tesseract,0.0,False,captcha_incorrect
2025-08-26 00:33:12,attempts\captcha_images\captcha_1756157590457.png,,tesseract,0.0,False,captcha_incorrect
2025-08-26 00:33:19,attempts\captcha_images\captcha_1756157596837.png,,tesseract,0.0,False,captcha_incorrect
2025-08-26 00:33:27,attempts\captcha_images\captcha_1756157603365.png,233,tesseract,0.0,False,captcha_incorrect
2025-08-26 00:33:33,attempts\captcha_images\captcha_1756157610985.png,,tesseract,0.0,False,captcha_incorrect
2025-08-26 00:33:42,attempts\captcha_images\captcha_1756157619522.png,599,tesseract,0.0,False,captcha_incorrect
2025-08-26 00:33:50,attempts\captcha_images\captcha_1756157626524.png,5668,tesseract,0.0,True,
2025-08-26 00:33:56,attempts\captcha_images\captcha_1756157633378.png,6169,tesseract,0.0,True,
2025-08-26 00:34:03,attempts\captcha_images\captcha_1756157640048.png,1,tesseract,74.0,False,captcha_incorrect
2025-08-26 00:34:10,attempts\captcha_images\captcha_1756157647120.png,1988,tesseract,0.0,False,captcha_incorrect
2025-08-26 00:34:18,attempts\captcha_images\captcha_1756157654793.png,6347,tesseract,0.0,True,
2025-08-26 00:34:24,attempts\captcha_images\captcha_1756157661337.png,4,tesseract,0.0,False,captcha_incorrect
2025-08-26 00:34:30,attempts\captcha_images\captcha_1756157667922.png,,tesseract,0.0,False,captcha_incorrect
2025-08-26 00:34:37,attempts\captcha_images\captcha_1756157674428.png,4,tesseract,0.0,False,captcha_incorrect
2025-08-26 00:40:06,attempts\captcha_images\captcha_1756158000017.png,5288,tesseract+fullimage,18.0,True,
2025-08-26 00:40:15,attempts\captcha_images\captcha_1756158009317.png,6050,tesseract+fullimage,0.0,True,
2025-08-26 00:40:24,attempts\captcha_images\captcha_1756158018498.png,4442,tesseract+fullimage,47.0,True,
2025-08-26 00:40:33,attempts\captcha_images\captcha_1756158027400.png,178,tesseract+fullimage,0.0,False,captcha_incorrect
2025-08-26 00:40:41,attempts\captcha_images\captcha_1756158037075.png,55,tesseract+fullimage,0.0,False,captcha_incorrect
2025-08-26 00:40:51,attempts\captcha_images\captcha_1756158045220.png,9469,tesseract+fullimage,36.0,True,
2025-08-26 00:40:58,attempts\captcha_images\captcha_1756158054437.png,3923,tesseract,17.0,True,
2025-08-26 00:41:07,attempts\captcha_images\captcha_1756158061344.png,4604,tesseract+fullimage,49.0,True,
2025-08-26 00:41:16,attempts\captcha_images\captcha_1756158070672.png,1584,tesseract+fullimage,0.0,False,captcha_incorrect
2025-08-26 00:41:26,attempts\captcha_images\captcha_1756158080242.png,4819,tesseract+fullimage,53.0,True,
2025-08-26 00:41:35,attempts\captcha_images\captcha_1756158089425.png,3430,tesseract+fullimage,11.0,True,
2025-08-26 00:41:44,attempts\captcha_images\captcha_1756158098402.png,5242,tesseract+fullimage,54.0,True,
2025-08-26 00:41:53,attempts\captcha_images\captcha_1756158107154.png,7428,tesseract+fullimage,40.0,True,
2025-08-26 00:41:59,attempts\captcha_images\captcha_1756158116027.png,5522,tesseract,42.0,False,captcha_incorrect
2025-08-26 00:42:07,attempts\captcha_images\captcha_1756158123586.png,5893,tesseract,0.0,True,
2025-08-26 00:42:16,attempts\captcha_images\captcha_1756158130772.png,4544,tesseract+fullimage,43.0,True,
2025-08-26 00:42:25,attempts\captcha_images\captcha_1756158139923.png,9417,tesseract+fullimage,0.0,True,
2025-08-26 00:42:34,attempts\captcha_images\captcha_1756158148873.png,588,tesseract+fullimage,0.0,False,captcha_incorrect
2025-08-26 00:42:44,attempts\captcha_images\captcha_1756158158466.png,7618,tesseract+fullimage,23.0,True,
2025-08-26 00:42:53,attempts\captcha_images\captcha_1756158167656.png,6508,tesseract+fullimage,0.0,True,
2025-08-26 00:43:00,attempts\captcha_images\captcha_1756158176990.png,7266,tesseract,30.0,False,captcha_incorrect
2025-08-26 00:43:09,attempts\captcha_images\captcha_1756158184540.png,762,tesseract+fullimage,0.0,False,captcha_incorrect
2025-08-26 00:43:19,attempts\captcha_images\captcha_1756158192858.png,6456,tesseract+fullimage,27.0,True,
2025-08-26 00:43:28,attempts\captcha_images\captcha_1756158202313.png,1632,tesseract+fullimage,25.0,True,
2025-08-26 00:43:37,attempts\captcha_images\captcha_1756158211225.png,6980,tesseract+fullimage,0.0,True,
2025-08-26 00:43:46,attempts\captcha_images\captcha_1756158220263.png,6414,tesseract+fullimage,0.0,False,captcha_incorrect
2025-08-26 00:43:56,attempts\captcha_images\captcha_1756158229988.png,990,tesseract+fullimage,0.0,False,captcha_incorrect
2025-08-26 00:44:06,attempts\captcha_images\captcha_1756158240152.png,6645,tesseract+fullimage,50.0,True,
2025-08-26 00:44:15,attempts\captcha_images\captcha_1756158249366.png,4386,tesseract+fullimage,26.0,True,
2025-08-26 00:44:24,attempts\captcha_images\captcha_1756158258888.png,9582,tesseract+fullimage,36.0,True,
2025-08-26 00:44:33,attempts\captcha_images\captcha_1756158267456.png,9768,tesseract+fullimage,0.0,True,
2025-08-26 00:44:42,attempts\captcha_images\captcha_1756158276625.png,5608,tesseract+fullimage,0.0,True,
2025-08-26 00:44:52,attempts\captcha_images\captcha_1756158285913.png,1474,tesseract+fullimage,1.0,True,
2025-08-26 00:45:01,attempts\captcha_images\captcha_1756158295343.png,2328,tesseract+fullimage,0.0,True,
2025-08-26 00:45:10,attempts\captcha_images\captcha_1756158304339.png,4659,tesseract+fullimage,18.0,True,
2025-08-26 00:45:17,attempts\captcha_images\captcha_1756158313391.png,8937,tesseract,0.0,True,
2025-08-26 00:45:26,attempts\captcha_images\captcha_1756158320225.png,3402,tesseract+fullimage,0.0,True,
2025-08-26 00:45:35,attempts\captcha_images\captcha_1756158329212.png,1868,tesseract+fullimage,0.0,True,
2025-08-26 00:45:44,attempts\captcha_images\captcha_1756158338659.png,2424,tesseract+fullimage,13.0,True,
2025-08-26 00:45:53,attempts\captcha_images\captcha_1756158347904.png,3444,tesseract+fullimage,25.0,True,
2025-08-26 00:46:00,attempts\captcha_images\captcha_1756158356963.png,9519,tesseract,0.0,True,
2025-08-26 00:46:09,attempts\captcha_images\captcha_1756158364003.png,8380,tesseract+fullimage,0.0,True,
2025-08-26 00:46:18,attempts\captcha_images\captcha_1756158372756.png,9186,tesseract+fullimage,25.0,True,
2025-08-26 00:46:28,attempts\captcha_images\captcha_1756158381698.png,1037,tesseract+fullimage,0.0,True,
2025-08-26 00:46:37,attempts\captcha_images\captcha_1756158391137.png,7750,tesseract+fullimage,0.0,True,
2025-08-26 00:46:46,attempts\captcha_images\captcha_1756158400060.png,2425,tesseract+fullimage,0.0,True,
2025-08-26 00:46:55,attempts\captcha_images\captcha_1756158409140.png,2878,tesseract+fullimage,49.0,True,
2025-08-26 00:47:03,attempts\captcha_images\captcha_1756158418121.png,8994,tesseract+fullimage,0.0,False,captcha_incorrect
2025-08-26 00:47:14,attempts\captcha_images\captcha_1756158427707.png,7969,tesseract+fullimage,0.0,True,
2025-08-26 00:47:22,attempts\captcha_images\captcha_1756158437103.png,3840,tesseract+fullimage,38.0,True,
2025-08-26 00:47:31,attempts\captcha_images\captcha_1756158445592.png,8460,tesseract+fullimage,0.0,True,
2025-08-26 00:47:38,attempts\captcha_images\captcha_1756158454550.png,7586,tesseract,64.0,True,
2025-08-26 00:47:47,attempts\captcha_images\captcha_1756158461460.png,9839,tesseract+fullimage,0.0,True,
2025-08-26 00:47:56,attempts\captcha_images\captcha_1756158470432.png,4090,tesseract+fullimage,31.0,True,
2025-08-26 00:48:05,attempts\captcha_images\captcha_1756158479620.png,5644,tesseract+fullimage,0.0,True,
2025-08-26 00:48:12,attempts\captcha_images\captcha_1756158488527.png,3988,tesseract,22.0,True,
2025-08-26 00:48:19,attempts\captcha_images\captcha_1756158495259.png,525,tesseract+fullimage,0.0,False,captcha_incorrect
2025-08-26 00:48:29,attempts\captcha_images\captcha_1756158503228.png,7047,tesseract+fullimage,0.0,True,
2025-08-26 00:48:38,attempts\captcha_images\captcha_1756158512399.png,4796,tesseract+fullimage,26.0,True,
2025-08-26 00:48:47,attempts\captcha_images\captcha_1756158521506.png,596,tesseract+fullimage,0.0,False,captcha_incorrect
2025-08-26 00:48:57,attempts\captcha_images\captcha_1756158531218.png,3062,tesseract+fullimage,0.0,True,
2025-08-26 00:49:06,attempts\captcha_images\captcha_1756158540423.png,5409,tesseract+fullimage,0.0,True,
2025-08-26 00:49:15,attempts\captcha_images\captcha_1756158549299.png,2344,tesseract+fullimage,14.0,False,captcha_incorrect
2025-08-26 00:49:25,attempts\captcha_images\captcha_1756158559038.png,2296,tesseract+fullimage,9.0,True,
2025-08-26 00:49:33,attempts\captcha_images\captcha_1756158568028.png,3482,tesseract+fullimage,0.0,True,
2025-08-26 00:49:41,attempts\captcha_images\captcha_1756158576944.png,559,tesseract+fullimage,0.0,False,captcha_incorrect
2025-08-26 00:49:51,attempts\captcha_images\captcha_1756158585121.png,6884,tesseract+fullimage,0.0,False,captcha_incorrect
2025-08-26 00:49:59,attempts\captcha_images\captcha_1756158595258.png,7383,tesseract,10.0,True,
2025-08-26 00:50:08,attempts\captcha_images\captcha_1756158602534.png,2186,tesseract+fullimage,18.0,True,
2025-08-26 00:50:17,attempts\captcha_images\captcha_1756158611390.png,8368,tesseract+fullimage,0.0,True,
2025-08-26 00:50:26,attempts\captcha_images\captcha_1756158620522.png,2449,tesseract+fullimage,35.0,True,
2025-08-26 00:50:35,attempts\captcha_images\captcha_1756158629205.png,3802,tesseract+fullimage,0.0,True,
2025-08-26 00:50:43,attempts\captcha_images\captcha_1756158638130.png,8540,tesseract+fullimage,37.0,True,
2025-08-26 00:50:53,attempts\captcha_images\captcha_1756158647057.png,3272,tesseract+fullimage,65.0,True,
2025-08-26 00:51:00,attempts\captcha_images\captcha_1756158656241.png,5195,tesseract,2.0,True,
2025-08-26 00:51:07,attempts\captcha_images\captcha_1756158663124.png,5265,tesseract,10.0,False,captcha_incorrect
2025-08-26 00:51:17,attempts\captcha_images\captcha_1756158670879.png,5010,tesseract+fullimage,41.0,True,
2025-08-26 00:51:23,attempts\captcha_images\captcha_1756158679873.png,5537,tesseract,0.0,True,
2025-08-26 00:51:32,attempts\captcha_images\captcha_1756158686506.png,9684,tesseract+fullimage,45.0,False,captcha_incorrect
2025-08-26 00:51:42,attempts\captcha_images\captcha_1756158696301.png,8504,tesseract+fullimage,0.0,False,captcha_incorrect
2025-08-26 00:51:52,attempts\captcha_images\captcha_1756158706156.png,7046,tesseract+fullimage,46.0,True,
2025-08-26 00:52:01,attempts\captcha_images\captcha_1756158715340.png,7006,tesseract+fullimage,50.0,True,
2025-08-26 00:52:10,attempts\captcha_images\captcha_1756158724192.png,1655,tesseract+fullimage,38.0,True,
2025-08-26 00:52:18,attempts\captcha_images\captcha_1756158733051.png,5246,tesseract+fullimage,62.0,False,captcha_incorrect
2025-08-26 00:52:28,attempts\captcha_images\captcha_1756158742656.png,3902,tesseract+fullimage,0.0,True,
2025-08-26 00:52:38,attempts\captcha_images\captcha_1756158752035.png,1894,tesseract+fullimage,38.0,True,
2025-08-26 00:52:46,attempts\captcha_images\captcha_1756158761140.png,9076,tesseract+fullimage,11.0,True,
2025-08-26 00:52:55,attempts\captcha_images\captcha_1756158770089.png,1460,tesseract+fullimage,52.0,True,
2025-08-26 00:53:05,attempts\captcha_images\captcha_1756158778965.png,4822,tesseract+fullimage,58.0,False,captcha_incorrect
2025-08-26 00:53:14,attempts\captcha_images\captcha_1756158788746.png,1218,tesseract+fullimage,63.0,False,captcha_incorrect
2025-08-26 00:53:24,attempts\captcha_images\captcha_1756158798555.png,6949,tesseract+fullimage,27.0,True,
2025-08-26 00:53:33,attempts\captcha_images\captcha_1756158807777.png,2102,tesseract+fullimage,17.0,True,
2025-08-26 00:53:42,attempts\captcha_images\captcha_1756158816642.png,8426,tesseract+fullimage,34.0,True,
2025-08-26 00:53:49,attempts\captcha_images\captcha_1756158825434.png,7689,tesseract,18.0,True,
2025-08-26 00:53:58,attempts\captcha_images\captcha_1756158832421.png,6288,tesseract+fullimage,0.0,True,
2025-08-26 00:54:05,attempts\captcha_images\captcha_1756158841365.png,7336,tesseract,53.0,True,
2025-08-26 00:54:14,attempts\captcha_images\captcha_1756158848352.png,4099,tesseract+fullimage,2.0,True,
2025-08-26 00:54:23,attempts\captcha_images\captcha_1756158857499.png,7204,tesseract+fullimage,32.0,True,
2025-08-26 00:54:32,attempts\captcha_images\captcha_1756158866634.png,9137,tesseract+fullimage,0.0,True,
2025-08-26 00:54:41,attempts\captcha_images\captcha_1756158875904.png,8036,tesseract+fullimage,13.0,True,
2025-08-26 00:54:51,attempts\captcha_images\captcha_1756158885077.png,8565,tesseract+fullimage,5.0,True,
2025-08-26 00:54:58,attempts\captcha_images\captcha_1756158894291.png,7188,tesseract,9.0,True,
2025-08-26 00:55:07,attempts\captcha_images\captcha_1756158901798.png,9798,tesseract+fullimage,0.0,True,
2025-08-26 00:55:16,attempts\captcha_images\captcha_1756158910815.png,9820,tesseract+fullimage,71.0,True,
2025-08-26 00:55:25,attempts\captcha_images\captcha_1756158919833.png,3202,tesseract+fullimage,0.0,True,
2025-08-26 00:55:34,attempts\captcha_images\captcha_1756158928668.png,930,tesseract+fullimage,0.0,False,captcha_incorrect
2025-08-26 00:55:44,attempts\captcha_images\captcha_1756158938516.png,5854,tesseract+fullimage,0.0,True,
2025-08-26 00:55:53,attempts\captcha_images\captcha_1756158947555.png,9219,tesseract+fullimage,0.0,False,captcha_incorrect
2025-08-26 00:56:04,attempts\captcha_images\captcha_1756158957735.png,8906,tesseract+fullimage,29.0,False,captcha_incorrect
2025-08-26 00:56:21,attempts\captcha_images\captcha_1756158974706.png,170,tesseract+fullimage,46.0,False,captcha_incorrect
2025-08-26 00:56:31,attempts\captcha_images\captcha_1756158985050.png,5006,tesseract+fullimage,0.0,True,
2025-08-26 00:56:40,attempts\captcha_images\captcha_1756158994493.png,7608,tesseract+fullimage,40.0,True,
2025-08-26 00:56:50,attempts\captcha_images\captcha_1756159003885.png,4923,tesseract+fullimage,0.0,True,
2025-08-26 00:57:00,attempts\captcha_images\captcha_1756159013826.png,4669,tesseract+fullimage,0.0,True,
2025-08-26 00:57:07,attempts\captcha_images\captcha_1756159023155.png,5929,tesseract,34.0,True,
2025-08-26 00:57:14,attempts\captcha_images\captcha_1756159030349.png,5598,tesseract,15.0,True,
2025-08-26 00:57:23,attempts\captcha_images\captcha_1756159037353.png,1425,tesseract+fullimage,48.0,True,
2025-08-26 00:57:32,attempts\captcha_images\captcha_1756159046621.png,4342,tesseract+fullimage,73.0,True,
2025-08-26 00:57:41,attempts\captcha_images\captcha_1756159055630.png,9284,tesseract+fullimage,19.0,False,captcha_incorrect
2025-08-26 00:57:52,attempts\captcha_images\captcha_1756159065802.png,6479,tesseract+fullimage,42.0,False,captcha_incorrect
2025-08-26 00:58:00,attempts\captcha_images\captcha_1756159076043.png,7789,tesseract,45.0,True,
2025-08-26 00:58:09,attempts\captcha_images\captcha_1756159083490.png,9093,tesseract+fullimage,0.0,True,
2025-08-26 00:58:16,attempts\captcha_images\captcha_1756159092850.png,7583,tesseract,19.0,True,
2025-08-26 00:58:24,attempts\captcha_images\captcha_1756159099857.png,76,tesseract+fullimage,0.0,False,captcha_incorrect
2025-08-26 00:58:34,attempts\captcha_images\captcha_1756159108359.png,2220,tesseract+fullimage,58.0,True,
2025-08-26 00:58:43,attempts\captcha_images\captcha_1756159117850.png,9584,tesseract+fullimage,0.0,False,captcha_incorrect
2025-08-26 00:58:54,attempts\captcha_images\captcha_1756159127598.png,9197,tesseract+fullimage,0.0,True,
2025-08-26 00:59:03,attempts\captcha_images\captcha_1756159137223.png,118,tesseract+fullimage,0.0,False,captcha_incorrect
2025-08-26 00:59:13,attempts\captcha_images\captcha_1756159146981.png,9965,tesseract+fullimage,21.0,True,
2025-08-26 00:59:22,attempts\captcha_images\captcha_1756159156686.png,2006,tesseract+fullimage,13.0,False,captcha_incorrect
2025-08-26 00:59:32,attempts\captcha_images\captcha_1756159166712.png,4598,tesseract+fullimage,2.0,True,
2025-08-26 00:59:41,attempts\captcha_images\captcha_1756159175653.png,1473,tesseract+fullimage,36.0,True,
2025-08-26 00:59:51,attempts\captcha_images\captcha_1756159184935.png,2660,tesseract+fullimage,17.0,False,captcha_incorrect
2025-08-26 01:00:01,attempts\captcha_images\captcha_1756159195160.png,4169,tesseract+fullimage,0.0,True,
2025-08-26 01:00:10,attempts\captcha_images\captcha_1756159204669.png,5056,tesseract+fullimage,0.0,False,captcha_incorrect
2025-08-26 01:00:21,attempts\captcha_images\captcha_1756159214700.png,3878,tesseract+fullimage,12.0,True,
2025-08-26 01:00:30,attempts\captcha_images\captcha_1756159224264.png,2465,tesseract+fullimage,28.0,False,captcha_incorrect
2025-08-26 01:00:40,attempts\captcha_images\captcha_1756159234173.png,3900,tesseract+fullimage,0.0,True,
2025-08-26 01:00:49,attempts\captcha_images\captcha_1756159243764.png,2022,tesseract+fullimage,42.0,False,captcha_incorrect
2025-08-26 01:01:00,attempts\captcha_images\captcha_1756159253647.png,299,tesseract+fullimage,0.0,False,captcha_incorrect
2025-08-26 01:01:10,attempts\captcha_images\captcha_1756159264099.png,8878,tesseract+fullimage,0.0,True,
2025-08-26 01:01:19,attempts\captcha_images\captcha_1756159273670.png,2492,tesseract+fullimage,0.0,True,
2025-08-26 01:01:29,attempts\captcha_images\captcha_1756159283059.png,9585,tesseract+fullimage,50.0,True,
2025-08-26 01:01:38,attempts\captcha_images\captcha_1756159292216.png,8608,tesseract+fullimage,0.0,True,
2025-08-26 01:01:47,attempts\captcha_images\captcha_1756159301493.png,2766,tesseract+fullimage,36.0,False,captcha_incorrect
2025-08-26 01:01:57,attempts\captcha_images\captcha_1756159311448.png,2636,tesseract+fullimage,0.0,True,
2025-08-26 01:02:06,attempts\captcha_images\captcha_1756159320981.png,8338,tesseract+fullimage,48.0,True,
2025-08-26 01:02:15,attempts\captcha_images\captcha_1756159329688.png,4378,tesseract+fullimage,44.0,True,
2025-08-26 01:02:24,attempts\captcha_images\captcha_1756159338788.png,4280,tesseract+fullimage,19.0,True,
2025-08-26 01:02:34,attempts\captcha_images\captcha_1756159348053.png,740,tesseract+fullimage,0.0,False,captcha_incorrect
2025-08-26 01:02:44,attempts\captcha_images\captcha_1756159357821.png,6832,tesseract+fullimage,15.0,True,
2025-08-26 01:02:53,attempts\captcha_images\captcha_1756159367488.png,2767,tesseract+fullimage,0.0,False,captcha_incorrect
2025-08-26 01:03:04,attempts\captcha_images\captcha_1756159377540.png,4619,tesseract+fullimage,20.0,True,
2025-08-26 01:03:13,attempts\captcha_images\captcha_1756159387234.png,4156,tesseract+fullimage,46.0,True,
2025-08-26 01:03:20,attempts\captcha_images\captcha_1756159396574.png,7318,tesseract,0.0,True,
2025-08-26 01:03:30,attempts\captcha_images\captcha_1756159403893.png,4016,tesseract+fullimage,53.0,False,captcha_incorrect
2025-08-26 01:03:40,attempts\captcha_images\captcha_1756159414007.png,4153,tesseract+fullimage,34.0,False,captcha_incorrect
2025-08-26 01:03:51,attempts\captcha_images\captcha_1756159424466.png,8684,tesseract+fullimage,0.0,True,
2025-08-26 01:04:00,attempts\captcha_images\captcha_1756159435057.png,8537,tesseract+fullimage,0.0,True,
2025-08-26 01:04:09,attempts\captcha_images\captcha_1756159444107.png,1111,tesseract,66.0,False,captcha_incorrect
2025-08-26 01:04:19,attempts\captcha_images\captcha_1756159453499.png,7416,tesseract+fullimage,0.0,True,
2025-08-26 01:04:29,attempts\captcha_images\captcha_1756159462972.png,3802,tesseract+fullimage,0.0,True,
2025-08-26 01:04:38,attempts\captcha_images\captcha_1756159472557.png,2340,tesseract+fullimage,49.0,True,
2025-08-26 01:04:47,attempts\captcha_images\captcha_1756159481720.png,1849,tesseract+fullimage,43.0,False,captcha_incorrect
2025-08-26 01:04:58,attempts\captcha_images\captcha_1756159491828.png,7090,tesseract+fullimage,74.0,True,
2025-08-26 01:05:08,attempts\captcha_images\captcha_1756159501760.png,4347,tesseract+fullimage,42.0,False,captcha_incorrect
2025-08-26 01:05:17,attempts\captcha_images\captcha_1756159512652.png,7993,tesseract,49.0,True,
2025-08-26 01:05:24,attempts\captcha_images\captcha_1756159520483.png,5526,tesseract,0.0,False,captcha_incorrect
2025-08-26 01:05:34,attempts\captcha_images\captcha_1756159528497.png,7440,tesseract+fullimage,17.0,True,
2025-08-26 01:05:44,attempts\captcha_images\captcha_1756159537712.png,6614,tesseract+fullimage,28.0,False,captcha_incorrect
2025-08-26 01:05:54,attempts\captcha_images\captcha_1756159547994.png,4289,tesseract+fullimage,0.0,True,
2025-08-26 01:06:03,attempts\captcha_images\captcha_1756159557285.png,1074,tesseract+fullimage,0.0,True,
2025-08-26 01:06:12,attempts\captcha_images\captcha_1756159566881.png,3299,tesseract+fullimage,0.0,True,
2025-08-26 01:06:21,attempts\captcha_images\captcha_1756159575712.png,7462,tesseract+fullimage,0.0,True,
2025-08-26 01:06:30,attempts\captcha_images\captcha_1756159585023.png,8844,tesseract+fullimage,2.0,False,captcha_incorrect
2025-08-26 01:06:41,attempts\captcha_images\captcha_1756159594969.png,8210,tesseract+fullimage,56.0,True,
2025-08-26 01:06:50,attempts\captcha_images\captcha_1756159604724.png,5853,tesseract+fullimage,0.0,True,
2025-08-26 01:06:59,attempts\captcha_images\captcha_1756159613680.png,8747,tesseract+fullimage,0.0,True,
2025-08-26 01:07:06,attempts\captcha_images\captcha_1756159622906.png,7998,tesseract,7.0,True,
2025-08-26 01:07:16,attempts\captcha_images\captcha_1756159629983.png,894,tesseract+fullimage,0.0,False,captcha_incorrect
2025-08-26 01:07:26,attempts\captcha_images\captcha_1756159639919.png,4948,tesseract+fullimage,25.0,True,
2025-08-26 01:07:35,attempts\captcha_images\captcha_1756159649390.png,4375,tesseract+fullimage,49.0,True,
2025-08-26 01:07:44,attempts\captcha_images\captcha_1756159658413.png,2888,tesseract+fullimage,0.0,True,
2025-08-26 01:07:53,attempts\captcha_images\captcha_1756159667443.png,2148,tesseract+fullimage,0.0,True,
2025-08-26 01:08:02,attempts\captcha_images\captcha_1756159676392.png,228,tesseract+fullimage,0.0,False,captcha_incorrect
2025-08-26 01:08:12,attempts\captcha_images\captcha_1756159686092.png,4632,tesseract+fullimage,37.0,True,
2025-08-26 01:08:21,attempts\captcha_images\captcha_1756159695553.png,3913,tesseract+fullimage,19.0,True,
2025-08-26 01:08:30,attempts\captcha_images\captcha_1756159704831.png,2366,tesseract+fullimage,6.0,False,captcha_incorrect
2025-08-26 01:08:41,attempts\captcha_images\captcha_1756159714953.png,4142,tesseract+fullimage,49.0,False,captcha_incorrect
2025-08-26 01:08:51,attempts\captcha_images\captcha_1756159725108.png,2444,tesseract+fullimage,17.0,True,
2025-08-26 01:09:00,attempts\captcha_images\captcha_1756159734501.png,4412,tesseract+fullimage,77.0,True,
2025-08-26 01:09:09,attempts\captcha_images\captcha_1756159743716.png,9097,tesseract+fullimage,0.0,True,
2025-08-26 01:09:18,attempts\captcha_images\captcha_1756159752886.png,2683,tesseract+fullimage,15.0,True,
2025-08-26 01:09:27,attempts\captcha_images\captcha_1756159761532.png,9213,tesseract+fullimage,41.0,True,
2025-08-26 01:09:36,attempts\captcha_images\captcha_1756159770579.png,4369,tesseract+fullimage,0.0,True,
2025-08-26 01:09:45,attempts\captcha_images\captcha_1756159779598.png,5548,tesseract+fullimage,27.0,True,
2025-08-26 01:09:54,attempts\captcha_images\captcha_1756159788620.png,6613,tesseract+fullimage,59.0,True,
2025-08-26 01:10:03,attempts\captcha_images\captcha_1756159797840.png,8294,tesseract+fullimage,26.0,True,
2025-08-26 01:10:13,attempts\captcha_images\captcha_1756159807072.png,1308,tesseract+fullimage,14.0,False,captcha_incorrect
2025-08-26 01:10:23,attempts\captcha_images\captcha_1756159817171.png,8459,tesseract+fullimage,0.0,True,
2025-08-26 01:10:32,attempts\captcha_images\captcha_1756159826554.png,9373,tesseract+fullimage,16.0,True,
2025-08-26 01:10:41,attempts\captcha_images\captcha_1756159835688.png,1962,tesseract+fullimage,8.0,True,
2025-08-26 01:10:50,attempts\captcha_images\captcha_1756159844616.png,4102,tesseract+fullimage,10.0,False,captcha_incorrect
2025-08-26 01:11:00,attempts\captcha_images\captcha_1756159854421.png,5494,tesseract+fullimage,6.0,True,
2025-08-26 01:11:09,attempts\captcha_images\captcha_1756159863666.png,2088,tesseract+fullimage,0.0,False,captcha_incorrect
2025-08-26 01:11:17,attempts\captcha_images\captcha_1756159873694.png,3586,tesseract,15.0,False,captcha_incorrect
2025-08-26 01:11:27,attempts\captcha_images\captcha_1756159881568.png,148,tesseract+fullimage,0.0,False,captcha_incorrect
2025-08-26 01:11:37,attempts\captcha_images\captcha_1756159891765.png,7246,tesseract+fullimage,34.0,True,
2025-08-26 01:11:46,attempts\captcha_images\captcha_1756159900962.png,8000,tesseract+fullimage,7.0,True,
2025-08-26 01:11:56,attempts\captcha_images\captcha_1756159909911.png,3076,tesseract+fullimage,36.0,True,
2025-08-26 01:12:03,attempts\captcha_images\captcha_1756159919080.png,725,tesseract+fullimage,0.0,False,captcha_incorrect
2025-08-26 01:12:11,attempts\captcha_images\captcha_1756159927538.png,7795,tesseract,25.0,False,captcha_incorrect
2025-08-26 01:12:22,attempts\captcha_images\captcha_1756159935620.png,8813,tesseract+fullimage,57.0,True,
2025-08-26 01:12:31,attempts\captcha_images\captcha_1756159945113.png,1004,tesseract+fullimage,0.0,False,captcha_incorrect
2025-08-26 01:12:41,attempts\captcha_images\captcha_1756159954881.png,2585,tesseract+fullimage,40.0,True,
2025-08-26 01:12:50,attempts\captcha_images\captcha_1756159964391.png,4410,tesseract+fullimage,44.0,False,captcha_incorrect
2025-08-26 01:13:00,attempts\captcha_images\captcha_1756159974028.png,2784,tesseract+fullimage,40.0,True,
2025-08-26 01:13:09,attempts\captcha_images\captcha_1756159983581.png,8792,tesseract+fullimage,0.0,False,captcha_incorrect
2025-08-26 01:13:17,attempts\captcha_images\captcha_1756159993547.png,7778,tesseract,47.0,True,
2025-08-26 01:13:24,attempts\captcha_images\captcha_1756160000436.png,5093,tesseract,0.0,True,
2025-08-26 01:13:33,attempts\captcha_images\captcha_1756160007503.png,7748,tesseract+fullimage,0.0,True,
2025-08-26 01:13:40,attempts\captcha_images\captcha_1756160016481.png,525,tesseract+fullimage,0.0,False,captcha_incorrect
2025-08-26 01:13:50,attempts\captcha_images\captcha_1756160024601.png,4905,tesseract+fullimage,32.0,True,
2025-08-26 01:13:59,attempts\captcha_images\captcha_1756160033847.png,2007,tesseract+fullimage,33.0,False,captcha_incorrect
2025-08-26 01:14:10,attempts\captcha_images\captcha_1756160044039.png,9107,tesseract+fullimage,0.0,True,
2025-08-26 01:14:19,attempts\captcha_images\captcha_1756160053221.png,8182,tesseract+fullimage,46.0,True,
2025-08-26 01:14:26,attempts\captcha_images\captcha_1756160062242.png,5554,tesseract,0.0,True,
2025-08-26 01:14:33,attempts\captcha_images\captcha_1756160069480.png,6519,tesseract,11.0,True,
2025-08-26 01:14:42,attempts\captcha_images\captcha_1756160076626.png,1437,tesseract+fullimage,0.0,True,
2025-08-26 01:14:51,attempts\captcha_images\captcha_1756160085686.png,1602,tesseract+fullimage,22.0,True,
2025-08-26 01:15:01,attempts\captcha_images\captcha_1756160094924.png,2023,tesseract+fullimage,55.0,True,
2025-08-26 01:15:10,attempts\captcha_images\captcha_1756160104130.png,5022,tesseract+fullimage,23.0,False,captcha_incorrect
2025-08-26 01:15:20,attempts\captcha_images\captcha_1756160114105.png,4974,tesseract+fullimage,19.0,True,
2025-08-26 01:15:29,attempts\captcha_images\captcha_1756160123670.png,7000,tesseract+fullimage,73.0,True,
2025-08-26 01:15:38,attempts\captcha_images\captcha_1756160132768.png,5824,tesseract+fullimage,0.0,True,
2025-08-26 01:15:47,attempts\captcha_images\captcha_1756160141775.png,5643,tesseract+fullimage,51.0,False,captcha_incorrect
2025-08-26 01:15:58,attempts\captcha_images\captcha_1756160151626.png,2206,tesseract+fullimage,61.0,False,captcha_incorrect
2025-08-26 01:16:08,attempts\captcha_images\captcha_1756160161836.png,9698,tesseract+fullimage,12.0,True,
2025-08-26 01:16:17,attempts\captcha_images\captcha_1756160171077.png,8182,tesseract+fullimage,0.0,False,captcha_incorrect
2025-08-26 01:16:27,attempts\captcha_images\captcha_1756160180997.png,5434,tesseract+fullimage,0.0,True,
2025-08-26 01:16:34,attempts\captcha_images\captcha_1756160190471.png,3857,tesseract,0.0,True,
2025-08-26 01:16:43,attempts\captcha_images\captcha_1756160197406.png,3502,tesseract+fullimage,0.0,True,
2025-08-26 01:16:52,attempts\captcha_images\captcha_1756160206587.png,7859,tesseract+fullimage,0.0,True,
2025-08-26 01:17:02,attempts\captcha_images\captcha_1756160215833.png,8438,tesseract+fullimage,51.0,True,
2025-08-26 01:17:11,attempts\captcha_images\captcha_1756160225090.png,6570,tesseract+fullimage,57.0,True,
2025-08-26 01:17:20,attempts\captcha_images\captcha_1756160234283.png,9737,tesseract+fullimage,0.0,True,
2025-08-26 01:17:27,attempts\captcha_images\captcha_1756160243317.png,6125,tesseract,62.0,True,
2025-08-26 01:17:36,attempts\captcha_images\captcha_1756160250475.png,1948,tesseract+fullimage,52.0,True,
2025-08-26 01:17:45,attempts\captcha_images\captcha_1756160259616.png,1075,tesseract+fullimage,48.0,True,
2025-08-26 01:17:52,attempts\captcha_images\captcha_1756160268901.png,7425,tesseract,34.0,False,captcha_incorrect
2025-08-26 01:18:00,attempts\captcha_images\captcha_1756160276670.png,3836,tesseract,11.0,True,
2025-08-26 01:18:09,attempts\captcha_images\captcha_1756160283895.png,2682,tesseract+fullimage,0.0,False,captcha_incorrect
2025-08-26 01:18:18,attempts\captcha_images\captcha_1756160293694.png,7979,tesseract,29.0,False,captcha_incorrect
2025-08-26 01:18:28,attempts\captcha_images\captcha_1756160302044.png,2724,tesseract+fullimage,16.0,True,
2025-08-26 01:18:37,attempts\captcha_images\captcha_1756160311255.png,8534,tesseract+fullimage,0.0,False,captcha_incorrect
2025-08-26 01:18:47,attempts\captcha_images\captcha_1756160321202.png,9590,tesseract+fullimage,0.0,True,
2025-08-26 01:18:54,attempts\captcha_images\captcha_1756160330700.png,3855,tesseract,48.0,False,captcha_incorrect
2025-08-26 01:19:05,attempts\captcha_images\captcha_1756160338667.png,1467,tesseract+fullimage,0.0,True,
2025-08-26 01:19:12,attempts\captcha_images\captcha_1756160348261.png,5472,tesseract,73.0,True,
2025-08-26 01:19:19,attempts\captcha_images\captcha_1756160355265.png,8133,tesseract,20.0,True,
2025-08-26 01:19:28,attempts\captcha_images\captcha_1756160362665.png,8478,tesseract+fullimage,0.0,False,captcha_incorrect
2025-08-26 01:19:38,attempts\captcha_images\captcha_1756160372430.png,3476,tesseract+fullimage,56.0,True,
2025-08-26 01:19:47,attempts\captcha_images\captcha_1756160381889.png,3079,tesseract+fullimage,48.0,True,
2025-08-26 01:19:57,attempts\captcha_images\captcha_1756160391016.png,3356,tesseract+fullimage,8.0,True,
2025-08-26 01:20:06,attempts\captcha_images\captcha_1756160400281.png,9010,tesseract+fullimage,0.0,True,
2025-08-26 01:20:15,attempts\captcha_images\captcha_1756160409442.png,6087,tesseract+fullimage,0.0,True,
2025-08-26 01:20:22,attempts\captcha_images\captcha_1756160418685.png,7544,tesseract,28.0,False,captcha_incorrect
2025-08-26 01:20:33,attempts\captcha_images\captcha_1756160426739.png,5986,tesseract+fullimage,46.0,False,captcha_incorrect
2025-08-26 01:20:43,attempts\captcha_images\captcha_1756160437095.png,1489,tesseract+fullimage,0.0,True,
2025-08-26 01:20:52,attempts\captcha_images\captcha_1756160446357.png,8260,tesseract+fullimage,0.0,True,
2025-08-26 01:20:59,attempts\captcha_images\captcha_1756160455308.png,3319,tesseract,0.0,True,
2025-08-26 01:21:07,attempts\captcha_images\captcha_1756160462253.png,4,tesseract+fullimage,0.0,False,captcha_incorrect
2025-08-26 01:21:17,attempts\captcha_images\captcha_1756160471627.png,1228,tesseract+fullimage,18.0,True,
2025-08-26 01:21:27,attempts\captcha_images\captcha_1756160481068.png,1853,tesseract+fullimage,0.0,True,
2025-08-26 01:21:36,attempts\captcha_images\captcha_1756160490347.png,1208,tesseract+fullimage,19.0,True,
2025-08-26 01:21:45,attempts\captcha_images\captcha_1756160499603.png,3438,tesseract+fullimage,46.0,True,
2025-08-26 01:21:54,attempts\captcha_images\captcha_1756160508601.png,8679,tesseract+fullimage,28.0,True,
2025-08-26 01:22:03,attempts\captcha_images\captcha_1756160517763.png,9262,tesseract+fullimage,30.0,True,
2025-08-26 01:22:13,attempts\captcha_images\captcha_1756160526840.png,1144,tesseract+fullimage,32.0,True,
2025-08-26 01:22:21,attempts\captcha_images\captcha_1756160536086.png,9102,tesseract+fullimage,0.0,True,
2025-08-26 01:22:31,attempts\captcha_images\captcha_1756160545058.png,1824,tesseract+fullimage,25.0,False,captcha_incorrect
2025-08-26 01:22:41,attempts\captcha_images\captcha_1756160555094.png,5514,tesseract+fullimage,0.0,True,
2025-08-26 01:22:50,attempts\captcha_images\captcha_1756160564262.png,421,tesseract+fullimage,0.0,False,captcha_incorrect
2025-08-26 01:23:00,attempts\captcha_images\captcha_1756160574156.png,2844,tesseract+fullimage,23.0,True,
2025-08-26 01:23:09,attempts\captcha_images\captcha_1756160583568.png,4925,tesseract+fullimage,20.0,False,captcha_incorrect
2025-08-26 01:23:18,attempts\captcha_images\captcha_1756160593707.png,5332,tesseract,33.0,True,
2025-08-26 01:23:26,attempts\captcha_images\captcha_1756160601094.png,8008,tesseract+fullimage,2.0,True,
2025-08-26 01:23:36,attempts\captcha_images\captcha_1756160610047.png,9580,tesseract+fullimage,5.0,True,
2025-08-26 01:23:45,attempts\captcha_images\captcha_1756160619349.png,2674,tesseract+fullimage,0.0,True,
2025-08-26 01:23:54,attempts\captcha_images\captcha_1756160628520.png,201,tesseract+fullimage,10.0,False,captcha_incorrect
2025-08-26 01:24:04,attempts\captcha_images\captcha_1756160638436.png,9505,tesseract+fullimage,10.0,False,captcha_incorrect
2025-08-26 01:24:14,attempts\captcha_images\captcha_1756160648514.png,9944,tesseract+fullimage,0.0,False,captcha_incorrect
2025-08-26 01:24:25,attempts\captcha_images\captcha_1756160658693.png,4033,tesseract+fullimage,1.0,True,
2025-08-26 01:24:34,attempts\captcha_images\captcha_1756160668184.png,7542,tesseract+fullimage,50.0,True,
2025-08-26 01:24:43,attempts\captcha_images\captcha_1756160677406.png,7008,tesseract+fullimage,0.0,True,
2025-08-26 01:24:50,attempts\captcha_images\captcha_1756160686675.png,736,tesseract+fullimage,0.0,False,captcha_incorrect
2025-08-26 01:25:01,attempts\captcha_images\captcha_1756160694953.png,2856,tesseract+fullimage,13.0,True,
2025-08-26 01:25:08,attempts\captcha_images\captcha_1756160704581.png,3853,tesseract,0.0,True,
2025-08-26 01:25:17,attempts\captcha_images\captcha_1756160711437.png,1606,tesseract+fullimage,41.0,True,
2025-08-26 01:25:26,attempts\captcha_images\captcha_1756160720765.png,7180,tesseract+fullimage,51.0,True,
2025-08-26 01:25:36,attempts\captcha_images\captcha_1756160730023.png,8049,tesseract+fullimage,30.0,True,
2025-08-26 01:25:45,attempts\captcha_images\captcha_1756160739385.png,1683,tesseract+fullimage,43.0,True,
2025-08-26 01:25:56,attempts\captcha_images\captcha_1756160748687.png,2582,tesseract+fullimage,34.0,True,
2025-08-26 01:26:05,attempts\captcha_images\captcha_1756160759110.png,8492,tesseract+fullimage,12.0,True,
2025-08-26 01:26:14,attempts\captcha_images\captcha_1756160768383.png,5782,tesseract+fullimage,65.0,True,
2025-08-26 01:26:23,attempts\captcha_images\captcha_1756160777447.png,7294,tesseract+fullimage,24.0,True,
2025-08-26 01:26:30,attempts\captcha_images\captcha_1756160786772.png,3852,tesseract,47.0,True,
2025-08-26 01:26:39,attempts\captcha_images\captcha_1756160793890.png,6540,tesseract+fullimage,40.0,True,
2025-08-26 01:26:49,attempts\captcha_images\captcha_1756160802714.png,8504,tesseract+fullimage,0.0,False,captcha_incorrect
2025-08-26 01:26:59,attempts\captcha_images\captcha_1756160812717.png,1878,tesseract+fullimage,7.0,True,
2025-08-26 01:27:08,attempts\captcha_images\captcha_1756160822200.png,4247,tesseract+fullimage,14.0,True,
2025-08-26 01:27:17,attempts\captcha_images\captcha_1756160831149.png,5854,tesseract+fullimage,0.0,True,
2025-08-26 01:27:23,attempts\captcha_images\captcha_1756160840100.png,3318,tesseract,0.0,True,
2025-08-26 01:27:32,attempts\captcha_images\captcha_1756160847040.png,1954,tesseract+fullimage,0.0,False,captcha_incorrect
2025-08-26 01:27:43,attempts\captcha_images\captcha_1756160856853.png,4058,tesseract+fullimage,0.0,True,
2025-08-26 01:27:52,attempts\captcha_images\captcha_1756160866642.png,762,tesseract+fullimage,0.0,False,captcha_incorrect
2025-08-26 01:28:02,attempts\captcha_images\captcha_1756160876389.png,4582,tesseract+fullimage,61.0,True,
2025-08-26 01:28:12,attempts\captcha_images\captcha_1756160885813.png,2026,tesseract+fullimage,43.0,True,
2025-08-26 01:28:22,attempts\captcha_images\captcha_1756160895481.png,8901,tesseract+fullimage,0.0,True,
2025-08-26 01:28:31,attempts\captcha_images\captcha_1756160905136.png,9889,tesseract+fullimage,0.0,True,
2025-08-26 01:28:40,attempts\captcha_images\captcha_1756160914353.png,1355,tesseract+fullimage,43.0,False,captcha_incorrect
2025-08-26 01:28:50,attempts\captcha_images\captcha_1756160924315.png,3316,tesseract+fullimage,0.0,True,
2025-08-26 01:28:59,attempts\captcha_images\captcha_1756160933940.png,6494,tesseract+fullimage,0.0,False,captcha_incorrect
2025-08-26 01:29:08,attempts\captcha_images\captcha_1756160944050.png,7595,tesseract,27.0,True,
2025-08-26 01:29:17,attempts\captcha_images\captcha_1756160951497.png,6402,tesseract+fullimage,26.0,True,
2025-08-26 01:29:26,attempts\captcha_images\captcha_1756160960467.png,2464,tesseract+fullimage,15.0,True,
2025-08-26 01:29:33,attempts\captcha_images\captcha_1756160969441.png,7185,tesseract,33.0,False,captcha_incorrect
2025-08-26 01:29:43,attempts\captcha_images\captcha_1756160977474.png,2082,tesseract+fullimage,0.0,False,captcha_incorrect
2025-08-26 01:29:54,attempts\captcha_images\captcha_1756160987790.png,656,tesseract+fullimage,0.0,False,captcha_incorrect
2025-08-26 01:30:04,attempts\captcha_images\captcha_1756160998043.png,8474,tesseract+fullimage,0.0,False,captcha_incorrect
2025-08-26 01:30:15,attempts\captcha_images\captcha_1756161009882.png,7413,tesseract+fullimage,48.0,True,
2025-08-26 01:30:27,attempts\captcha_images\captcha_1756161019077.png,3263,tesseract+fullimage,0.0,False,captcha_incorrect
2025-08-26 01:30:35,attempts\captcha_images\captcha_1756161031038.png,6537,tesseract,0.0,True,
2025-08-26 01:30:44,attempts\captcha_images\captcha_1756161038521.png,4162,tesseract+fullimage,83.0,True,
2025-08-26 01:30:53,attempts\captcha_images\captcha_1756161047693.png,4129,tesseract+fullimage,64.0,False,captcha_incorrect
2025-08-26 01:31:04,attempts\captcha_images\captcha_1756161057563.png,9307,tesseract+fullimage,50.0,True,
2025-08-26 01:31:12,attempts\captcha_images\captcha_1756161066904.png,282,tesseract+fullimage,0.0,False,captcha_incorrect
2025-08-26 01:31:23,attempts\captcha_images\captcha_1756161076679.png,8022,tesseract+fullimage,33.0,True,
2025-08-26 01:31:32,attempts\captcha_images\captcha_1756161086212.png,2164,tesseract+fullimage,34.0,False,captcha_incorrect
2025-08-26 01:31:42,attempts\captcha_images\captcha_1756161096018.png,4690,tesseract+fullimage,28.0,True,
2025-08-26 01:31:49,attempts\captcha_images\captcha_1756161105367.png,1007,tesseract,0.0,False,captcha_incorrect
2025-08-26 01:31:57,attempts\captcha_images\captcha_1756161113337.png,7638,tesseract,0.0,False,captcha_incorrect
2025-08-26 01:32:07,attempts\captcha_images\captcha_1756161121540.png,8652,tesseract+fullimage,14.0,True,
2025-08-26 01:32:17,attempts\captcha_images\captcha_1756161131073.png,2645,tesseract+fullimage,8.0,True,
2025-08-26 01:32:26,attempts\captcha_images\captcha_1756161140342.png,9786,tesseract+fullimage,15.0,True,
2025-08-26 01:32:35,attempts\captcha_images\captcha_1756161149328.png,4962,tesseract+fullimage,50.0,True,
2025-08-26 01:32:44,attempts\captcha_images\captcha_1756161158203.png,6815,tesseract+fullimage,47.0,True,
2025-08-26 01:32:53,attempts\captcha_images\captcha_1756161167442.png,3216,tesseract+fullimage,29.0,False,captcha_incorrect
2025-08-26 01:33:03,attempts\captcha_images\captcha_1756161177387.png,6892,tesseract+fullimage,22.0,True,
2025-08-26 01:33:12,attempts\captcha_images\captcha_1756161186068.png,1849,tesseract+fullimage,43.0,False,captcha_incorrect
2025-08-26 01:33:22,attempts\captcha_images\captcha_1756161196152.png,2498,tesseract+fullimage,2.0,True,
2025-08-26 01:33:32,attempts\captcha_images\captcha_1756161206043.png,3061,tesseract+fullimage,0.0,True,
2025-08-26 01:33:41,attempts\captcha_images\captcha_1756161215540.png,5029,tesseract+fullimage,65.0,True,
2025-08-26 01:33:51,attempts\captcha_images\captcha_1756161224799.png,1380,tesseract+fullimage,0.0,True,
2025-08-26 01:33:59,attempts\captcha_images\captcha_1756161234307.png,5134,tesseract+fullimage,41.0,True,
2025-08-26 01:34:08,attempts\captcha_images\captcha_1756161242951.png,8909,tesseract+fullimage,0.0,True,
2025-08-26 01:34:17,attempts\captcha_images\captcha_1756161251577.png,8683,tesseract+fullimage,0.0,True,
2025-08-26 01:34:26,attempts\captcha_images\captcha_1756161260867.png,8934,tesseract+fullimage,0.0,True,
2025-08-26 01:34:34,attempts\captcha_images\captcha_1756161270073.png,5477,tesseract,0.0,True,
2025-08-26 01:34:43,attempts\captcha_images\captcha_1756161277222.png,4258,tesseract+fullimage,4.0,True,
2025-08-26 01:34:52,attempts\captcha_images\captcha_1756161286199.png,5944,tesseract+fullimage,12.0,True,
2025-08-26 01:35:01,attempts\captcha_images\captcha_1756161295289.png,6465,tesseract+fullimage,7.0,True,
2025-08-26 01:35:10,attempts\captcha_images\captcha_1756161304479.png,1068,tesseract+fullimage,0.0,True,
2025-08-26 01:35:19,attempts\captcha_images\captcha_1756161313467.png,4947,tesseract+fullimage,0.0,False,captcha_incorrect
2025-08-26 01:35:29,attempts\captcha_images\captcha_1756161323357.png,6214,tesseract+fullimage,0.0,False,captcha_incorrect
2025-08-26 01:35:39,attempts\captcha_images\captcha_1756161333452.png,5264,tesseract+fullimage,23.0,True,
2025-08-26 01:35:47,attempts\captcha_images\captcha_1756161342960.png,5825,tesseract,0.0,False,captcha_incorrect
2025-08-26 01:35:57,attempts\captcha_images\captcha_1756161351038.png,2969,tesseract+fullimage,4.0,False,captcha_incorrect
2025-08-26 01:36:07,attempts\captcha_images\captcha_1756161361248.png,4628,tesseract+fullimage,19.0,True,
2025-08-26 01:36:16,attempts\captcha_images\captcha_1756161370818.png,9625,tesseract+fullimage,31.0,True,
2025-08-26 01:36:26,attempts\captcha_images\captcha_1756161379985.png,1387,tesseract+fullimage,0.0,True,
2025-08-26 01:36:33,attempts\captcha_images\captcha_1756161389225.png,3479,tesseract,51.0,False,captcha_incorrect
2025-08-26 01:36:43,attempts\captcha_images\captcha_1756161397251.png,5100,tesseract+fullimage,73.0,True,
2025-08-26 01:36:52,attempts\captcha_images\captcha_1756161406486.png,7080,tesseract+fullimage,69.0,True,
2025-08-26 01:37:01,attempts\captcha_images\captcha_1756161415551.png,1622,tesseract+fullimage,61.0,True,
2025-08-26 01:37:10,attempts\captcha_images\captcha_1756161424709.png,1472,tesseract+fullimage,59.0,True,
2025-08-26 01:37:17,attempts\captcha_images\captcha_1756161433891.png,5323,tesseract,73.0,False,captcha_incorrect
2025-08-26 01:37:28,attempts\captcha_images\captcha_1756161441963.png,1806,tesseract+fullimage,21.0,True,
2025-08-26 01:37:37,attempts\captcha_images\captcha_1756161451428.png,1289,tesseract+fullimage,0.0,True,
2025-08-26 01:37:46,attempts\captcha_images\captcha_1756161460635.png,3724,tesseract+fullimage,0.0,True,
2025-08-26 01:37:55,attempts\captcha_images\captcha_1756161469648.png,1444,tesseract+fullimage,51.0,True,
2025-08-26 01:38:04,attempts\captcha_images\captcha_1756161478836.png,5236,tesseract+fullimage,27.0,False,captcha_incorrect
2025-08-26 01:38:15,attempts\captcha_images\captcha_1756161488954.png,8515,tesseract+fullimage,0.0,True,
2025-08-26 01:38:24,attempts\captcha_images\captcha_1756161498279.png,1988,tesseract+fullimage,7.0,True,
2025-08-26 01:38:33,attempts\captcha_images\captcha_1756161507191.png,6264,tesseract+fullimage,0.0,False,captcha_incorrect
2025-08-26 01:38:43,attempts\captcha_images\captcha_1756161517264.png,9362,tesseract+fullimage,0.0,True,
2025-08-26 01:38:53,attempts\captcha_images\captcha_1756161526720.png,1634,tesseract+fullimage,28.0,False,captcha_incorrect
2025-08-26 01:39:01,attempts\captcha_images\captcha_1756161537019.png,4173,tesseract,55.0,False,captcha_incorrect
2025-08-26 01:39:12,attempts\captcha_images\captcha_1756161545497.png,9786,tesseract+fullimage,0.0,True,
2025-08-26 01:39:21,attempts\captcha_images\captcha_1756161555405.png,5664,tesseract+fullimage,20.0,True,
2025-08-26 01:39:31,attempts\captcha_images\captcha_1756161564834.png,2126,tesseract+fullimage,73.0,True,
2025-08-26 01:39:40,attempts\captcha_images\captcha_1756161574578.png,7040,tesseract+fullimage,74.0,True,
2025-08-26 01:39:50,attempts\captcha_images\captcha_1756161584061.png,9093,tesseract+fullimage,0.0,True,
2025-08-26 01:40:00,attempts\captcha_images\captcha_1756161593655.png,4310,tesseract+fullimage,0.0,True,
2025-08-26 01:40:10,attempts\captcha_images\captcha_1756161603629.png,4642,tesseract+fullimage,58.0,True,
2025-08-26 01:40:20,attempts\captcha_images\captcha_1756161614078.png,2946,tesseract+fullimage,10.0,True,
2025-08-26 01:40:31,attempts\captcha_images\captcha_1756161624001.png,9076,tesseract+fullimage,32.0,True,
2025-08-26 01:40:41,attempts\captcha_images\captcha_1756161634481.png,4832,tesseract+fullimage,20.0,True,
2025-08-26 01:40:51,attempts\captcha_images\captcha_1756161644358.png,1804,tesseract+fullimage,38.0,True,
2025-08-26 01:41:00,attempts\captcha_images\captcha_1756161654145.png,6574,tesseract+fullimage,0.0,True,
2025-08-26 01:41:10,attempts\captcha_images\captcha_1756161663522.png,8444,tesseract+fullimage,24.0,True,
2025-08-26 01:41:19,attempts\captcha_images\captcha_1756161673028.png,3456,tesseract+fullimage,18.0,True,
2025-08-26 01:41:28,attempts\captcha_images\captcha_1756161682187.png,9349,tesseract+fullimage,0.0,True,
2025-08-26 01:41:38,attempts\captcha_images\captcha_1756161691771.png,2324,tesseract+fullimage,0.0,True,
2025-08-26 01:41:47,attempts\captcha_images\captcha_1756161701038.png,8439,tesseract+fullimage,28.0,True,
2025-08-26 01:41:56,attempts\captcha_images\captcha_1756161710410.png,1345,tesseract+fullimage,41.0,True,
2025-08-26 01:42:06,attempts\captcha_images\captcha_1756161719579.png,9260,tesseract+fullimage,10.0,True,
2025-08-26 01:42:15,attempts\captcha_images\captcha_1756161729125.png,9414,tesseract+fullimage,0.0,True,
2025-08-26 01:42:22,attempts\captcha_images\captcha_1756161738431.png,5594,tesseract,0.0,True,
2025-08-26 02:01:13,attempts\captcha_images\captcha_1756162870056.png,9886,model+fallback,35.75,False,captcha_incorrect
2025-08-26 02:01:21,attempts\captcha_images\captcha_1756162877650.png,4657,model+fallback,36.5,False,captcha_incorrect
2025-08-26 02:04:36,attempts\captcha_images\captcha_1756163070164.png,4145,tesseract+fullimage,55.0,False,captcha_incorrect
2025-08-26 02:04:47,attempts\captcha_images\captcha_1756163080725.png,8306,tesseract+fullimage,0.0,True,
2025-08-26 02:04:53,attempts\captcha_images\captcha_1756163090318.png,5075,tesseract+fullimage,40.0,False,submit_failed
2025-08-26 10:55:35,attempts\captcha_images\captcha_1756194930967.png,957,tesseract+fullimage,0.0,False,captcha_incorrect
2025-08-26 10:55:43,attempts\captcha_images\captcha_1756194939513.png,9886,model+fallback,48.0,False,captcha_incorrect
2025-08-26 10:55:51,attempts\captcha_images\captcha_1756194947046.png,9375,tesseract,39.0,True,
2025-08-26 10:55:57,attempts\captcha_images\captcha_1756194953723.png,539,tesseract+fullimage,0.0,False,captcha_incorrect
2025-08-26 10:56:05,attempts\captcha_images\captcha_1756194961494.png,9987,model+fallback,39.25,False,captcha_incorrect
2025-08-26 10:56:12,attempts\captcha_images\captcha_1756194968910.png,9886,model+fallback,37.5,False,captcha_incorrect
2025-08-26 10:56:19,attempts\captcha_images\captcha_1756194976289.png,5887,model+fallback,43.5,False,captcha_incorrect
2025-08-26 10:56:28,attempts\captcha_images\captcha_1756194985304.png,7388,tesseract,19.0,False,captcha_incorrect
2025-08-26 16:18:25,attempts\captcha_images\captcha_1756214298827.png,8847,model+fallback+fullimage,0.0,False,captcha_incorrect
2025-08-26 16:18:36,attempts\captcha_images\captcha_1756214309832.png,1856,model+fallback+fullimage,38.0,True,
2025-08-26 16:18:45,attempts\captcha_images\captcha_1756214319706.png,5805,model+fallback+fullimage,7.0,True,
2025-08-26 16:18:54,attempts\captcha_images\captcha_1756214328643.png,2964,model+fallback+fullimage,21.0,False,captcha_incorrect
2025-08-26 16:19:05,attempts\captcha_images\captcha_1756214338854.png,4579,model+fallback+fullimage,62.0,True,
2025-08-26 16:19:14,attempts\captcha_images\captcha_1756214348466.png,4205,model+fallback,24.75,False,captcha_incorrect
2025-08-26 16:19:24,attempts\captcha_images\captcha_1756214358304.png,9723,model+fallback+fullimage,21.0,True,
2025-08-26 16:19:34,attempts\captcha_images\captcha_1756214367887.png,2073,model+fallback+fullimage,84.0,False,captcha_incorrect
2025-08-26 16:19:44,attempts\captcha_images\captcha_1756214378338.png,6307,model+fallback+fullimage,50.0,True,
2025-08-26 16:19:53,attempts\captcha_images\captcha_1756214387979.png,3488,model+fallback,29.0,False,captcha_incorrect
